{"auc":0.5090197920799255,"test_accuracy_tolerant":0.41716986085586766,"loss":3.0590553283691406,"recall":0.5080430507659912,"test_recall":0.5006729475100942,"test_recall_tolerant":0.5020188425302826,"test_f1_tolerant":0.29770174511894915,"val_accuracy":0.4906681478023529,"epoch":499,"val_auc":0.46026211977005005,"val_precision":0.4906681478023529,"val_recall":0.4906681478023529,"_runtime":2306.409712769,"accuracy":0.5080430507659912,"test_accuracy":0.4155946442635862,"_step":500,"test_f1":0.2946972237860802,"val_loss":3.0073330402374268,"test_precision_tolerant":0.7078947368421052,"_timestamp":1.7326992904165504e+09,"_wandb":{"runtime":2306},"test_precision":0.707566999474514,"precision":0.5080430507659912}