{"test_accuracy":0.5114131828674019,"test_recall":0.5222209685608594,"_runtime":7019.571553911,"_timestamp":1.732693752074757e+09,"auc":0.9759747385978699,"recall":0.9231883883476257,"precision":0.9545114040374756,"epoch":499,"test_recall_tolerant":0.5237170343028613,"accuracy":0.9369462132453918,"val_precision":0.6732971668243408,"test_precision":0.5222276683359721,"test_f1_tolerant":0.5129520389843549,"_step":500,"loss":0.26380211114883423,"test_f1":0.5114130543105052,"val_auc":0.7062098383903503,"val_loss":1.1079844236373901,"val_accuracy":0.6072984933853149,"val_recall":0.40796202421188354,"test_accuracy_tolerant":0.5129520389843549,"test_precision_tolerant":0.5237170343028613,"_wandb":{"runtime":7019}}