{"auc":0.6820849776268005,"test_f1_tolerant":0.3028822987934423,"test_precision_tolerant":0.7144875417415875,"test_recall_tolerant":0.5013458950201884,"test_f1":0.299874304183875,"test_accuracy_tolerant":0.42985380866888945,"val_accuracy":0.5029048919677734,"val_loss":NaN,"loss":7.469519138336182,"val_precision":0,"val_auc":0.5,"_runtime":18526.270070642,"test_recall":0.5,"recall":0.6281607747077942,"test_accuracy":0.4283149525519364,"_wandb":{"runtime":18526},"_step":500,"epoch":499,"val_recall":0,"test_precision":0.2141574762759682,"accuracy":0.6281607747077942,"precision":0.6281607747077942,"_timestamp":1.732740055825023e+09}