{"precision":0.8227247595787048,"test_recall_tolerant":0.6503123385067948,"test_recall":0.648690023908093,"test_accuracy_tolerant":0.6258860593331583,"loss":0.5708297491073608,"recall":0.9339544773101807,"test_f1":0.6239122672470805,"epoch":499,"_wandb":{"runtime":2717},"_runtime":2717.787815024,"val_loss":1.254799246788025,"val_accuracy":0.6145949959754944,"val_auc":0.6927524209022522,"_timestamp":1.7327012959592152e+09,"test_precision":0.6528500849978751,"val_precision":0.6091469526290894,"val_recall":0.6859021186828613,"test_f1_tolerant":0.6254891550154367,"auc":0.9176594018936157,"test_precision_tolerant":0.6545177888409932,"test_accuracy":0.6243108427408769,"_step":500,"accuracy":0.8567783236503601}