{"test_recall":0.5127202134161947,"loss":401.9446716308594,"test_f1":0.4634840436182718,"test_precision_tolerant":0.5337268737152063,"test_f1_tolerant":0.46630759544140077,"test_precision":0.5295732006104135,"precision":0.7775245308876038,"test_accuracy_tolerant":0.5899435332078515,"val_accuracy":0.5963901877403259,"accuracy":0.7775245308876038,"test_accuracy":0.588330196289325,"_step":500,"recall":0.7775245308876038,"_runtime":1539.215506655,"auc":0.8459089994430542,"epoch":499,"val_auc":0.6591058373451233,"_timestamp":1.7326953039821236e+09,"val_precision":0.5963901877403259,"val_loss":402.7909851074219,"val_recall":0.5963901877403259,"test_recall_tolerant":0.514622381601886,"_wandb":{"runtime":1539}}