{"loss":0.14409154653549194,"precision":0.998239278793335,"test_recall_tolerant":0.5639250435871191,"test_accuracy":0.541933829186971,"recall":0.9977225661277771,"test_precision_tolerant":0.5672788749820462,"epoch":499,"val_recall":0.662162184715271,"test_precision":0.5654082198289516,"test_f1_tolerant":0.5420798028974523,"val_loss":2.4584624767303467,"val_auc":0.6774987578392029,"_wandb":{"runtime":814},"test_f1":0.5402637463741937,"_step":500,"accuracy":0.9978927969932556,"test_accuracy_tolerant":0.5437291613234163,"_timestamp":1.7326931809329643e+09,"_runtime":813.997368261,"auc":0.9996077418327332,"val_accuracy":0.6561365127563477,"val_precision":0.6516894102096558,"test_recall":0.5621295766475125}