{"precision":0.5219364762306213,"_runtime":2720.444975418,"val_loss":0.8825932741165161,"val_auc":0.49709513783454895,"test_precision":0.2858425237240318,"recall":0.5219364762306213,"accuracy":0.5219364762306213,"_timestamp":1.7326897431638153e+09,"test_accuracy_tolerant":0.5732239035650166,"_step":500,"loss":0.8804181814193726,"test_recall_tolerant":0.5017964071856288,"test_accuracy":0.5716850474480636,"val_recall":0.49709513783454895,"auc":0.5194505453109741,"test_f1":0.3637402088772846,"val_precision":0.49709513783454895,"_wandb":{"runtime":2720},"test_precision_tolerant":0.7862830721808374,"test_recall":0.5,"epoch":499,"val_accuracy":0.49709513783454895,"test_f1_tolerant":0.36767665269200095}