{"val_loss":NaN,"test_f1":0.2860433864465348,"test_precision_tolerant":0.7006463775922435,"epoch":499,"test_recall_tolerant":0.5013458950201884,"_wandb":{"runtime":21954},"_step":500,"test_accuracy":0.4006453347674106,"test_accuracy_tolerant":0.4022586716859371,"val_auc":0.5,"_timestamp":1.7327083834537108e+09,"test_recall":0.5,"val_accuracy":0.4742703437805176,"test_f1_tolerant":0.2890578099625023,"val_recall":0,"val_precision":0,"loss":NaN,"accuracy":0.4495099186897278,"precision":0,"auc":0.5,"_runtime":21954.045995772,"recall":0,"test_precision":0.2003226673837053}