{"precision":0.5861992239952087,"test_f1_tolerant":0.4804083049808384,"recall":0.5861992239952087,"test_precision":0.5957133268740493,"test_recall_tolerant":0.5617811245322021,"test_precision_tolerant":0.5979344738962331,"epoch":499,"_wandb":{"runtime":9191},"val_accuracy":0.6345651149749756,"val_recall":0.6345651149749756,"accuracy":0.5861992239952087,"_step":500,"test_accuracy_tolerant":0.5069572066159097,"test_recall":0.5602509497930048,"val_precision":0.6345651149749756,"val_loss":0.6733126640319824,"test_accuracy":0.5053819900236283,"val_auc":0.6813969612121582,"_runtime":9191.216787684,"test_f1":0.4786176868565689,"auc":0.6385793089866638,"loss":0.6943175196647644,"_timestamp":1.7327135059019616e+09}