{"_step":500,"accuracy":0.9952296614646912,"precision":0.9952296614646912,"val_accuracy":0.6347517967224121,"test_precision":0.5668912896483895,"test_accuracy":0.5497505907062221,"val_loss":2.974107027053833,"_runtime":2429.615344243,"test_f1_tolerant":0.551059527058882,"_timestamp":1.732716098720808e+09,"val_precision":0.6347517967224121,"_wandb":{"runtime":2429},"val_recall":0.6347517967224121,"auc":0.9995786547660828,"test_accuracy_tolerant":0.5510632711997899,"test_precision_tolerant":0.5681870561322043,"epoch":499,"val_auc":0.6466550230979919,"loss":0.14284169673919678,"recall":0.9952296614646912,"test_recall":0.5667406341039576,"test_recall_tolerant":0.5680464930064569,"test_f1":0.5497461218332604}