{"val_recall":0.5110116004943848,"_step":500,"test_recall":0.5,"val_precision":0.5110116004943848,"test_f1_tolerant":0.37331227986259075,"_wandb":{"runtime":45933},"val_auc":0.5110116004943848,"auc":0.5361112952232361,"test_precision":0.29259648201627725,"test_f1":0.36916197416363034,"loss":0.6917015314102173,"val_accuracy":0.5110116004943848,"test_precision_tolerant":0.7930581120168287,"test_recall_tolerant":0.5018987341772152,"_timestamp":1.7327323503281808e+09,"test_accuracy":0.5851929640325545,"test_accuracy_tolerant":0.5867681806248359,"epoch":499,"accuracy":0.5358886122703552,"recall":0.5358886122703552,"val_loss":0.6944278478622437,"precision":0.5358886122703552,"_runtime":45933.714340526}