{"test_f1":0.299874304183875,"test_recall_tolerant":0.5013458950201884,"val_recall":0,"test_accuracy":0.4283149525519364,"test_precision":0.2141574762759682,"val_loss":NaN,"val_accuracy":0.5029048919677734,"val_precision":0,"loss":4.9903244972229,"_timestamp":1.732733719582415e+09,"auc":0.5213762521743774,"epoch":499,"_wandb":{"runtime":21933},"_step":500,"accuracy":0.519018828868866,"test_accuracy_tolerant":0.42985380866888945,"test_precision_tolerant":0.7144875417415875,"_runtime":21933.819218081,"test_f1_tolerant":0.3028822987934423,"val_auc":0.5,"test_recall":0.5,"recall":0.519018828868866,"precision":0.519018828868866}