{"test_recall_tolerant":0.5696211621668006,"test_f1":0.5662856569772565,"_timestamp":1.732696955993711e+09,"val_loss":3.343602180480957,"epoch":499,"precision":0.9929906725883484,"accuracy":0.9929906725883484,"test_accuracy":0.5775746168324819,"loss":0.21570125222206116,"_step":500,"_runtime":9951.138526401,"test_precision":0.5662771947447726,"val_precision":0.4771505296230316,"test_precision_tolerant":0.5679157084071303,"val_recall":0.4771505296230316,"val_auc":0.5209851264953613,"test_f1_tolerant":0.5679421089557011,"test_accuracy_tolerant":0.5791879537510083,"val_accuracy":0.4771505296230316,"_wandb":{"runtime":9951},"auc":0.9996499419212341,"recall":0.9929906725883484,"test_recall":0.5679415032473105}