{"test_accuracy":0.5716850474480636,"_timestamp":1.7327089969584827e+09,"precision":0.5170196890830994,"epoch":499,"test_f1_tolerant":0.36767665269200095,"test_precision":0.2858425237240318,"_step":500,"test_recall_tolerant":0.5017964071856288,"test_precision_tolerant":0.7862830721808374,"test_accuracy_tolerant":0.5732239035650166,"val_loss":0.7447329163551331,"val_accuracy":0.49709513783454895,"_wandb":{"runtime":22527},"loss":0.7430408000946045,"test_f1":0.3637402088772846,"accuracy":0.5170196890830994,"val_precision":0.49709513783454895,"test_recall":0.5,"auc":0.5198752880096436,"recall":0.5170196890830994,"_runtime":22527.067806673,"val_auc":0.49709513783454895,"val_recall":0.49709513783454895}