{"test_precision_tolerant":0.7077307388903498,"loss":NaN,"val_precision":0,"val_loss":NaN,"_timestamp":1.7327158330883384e+09,"_step":500,"val_accuracy":0.4889884293079376,"test_recall_tolerant":0.5013458950201884,"test_f1_tolerant":0.29620119017488566,"_wandb":{"runtime":3159},"test_accuracy_tolerant":0.41638225255972694,"recall":0,"val_recall":0,"test_accuracy":0.4148070359674455,"_runtime":3159.758662654,"val_auc":0.5,"test_f1":0.2931898311375023,"precision":0,"test_recall":0.5,"epoch":499,"accuracy":0.4641668498516083,"auc":0.5,"test_precision":0.20740351798372275}