{"val_accuracy":0.6153993606567383,"test_recall":0.590778661993671,"val_precision":0.6136012077331543,"accuracy":0.9821062088012695,"epoch":499,"_timestamp":1.7327136624619951e+09,"val_loss":1.8912160396575928,"_wandb":{"runtime":27262},"test_f1_tolerant":0.5670450726239791,"loss":0.24377146363258362,"test_precision_tolerant":0.5932645972753818,"val_auc":0.6868473887443542,"recall":0.9849896430969238,"test_accuracy":0.5654745899435332,"val_recall":0.7249817252159119,"test_f1":0.5654315760002175,"auc":0.9957189559936523,"_runtime":27262.781230354,"test_accuracy_tolerant":0.5670879268620597,"precision":0.9825485348701477,"test_recall_tolerant":0.5924583209131612,"test_precision":0.5915702910070105,"_step":500}