{"_wandb":{"runtime":2997},"auc":0.999506413936615,"loss":1.0139658451080322,"val_recall":0.6394177079200745,"test_f1":0.5519374451653283,"test_f1_tolerant":0.553588500571887,"recall":0.9930663704872131,"val_auc":0.6676377058029175,"epoch":499,"test_accuracy":0.5578892097663428,"_timestamp":1.732702300645797e+09,"val_precision":0.6394177079200745,"val_loss":3.730466604232788,"precision":0.9930663704872131,"test_recall":0.554345054545661,"_step":500,"test_accuracy_tolerant":0.5594644263586243,"_runtime":2997.455067976,"accuracy":0.9930663704872131,"test_precision_tolerant":0.5546226217773922,"val_accuracy":0.6394177079200745,"test_precision":0.5529587632574342,"test_recall_tolerant":0.5560595090038674}