{"test_precision":0.5662316548277069,"val_auc":0.6436398029327393,"test_recall_tolerant":0.5676378974507499,"val_accuracy":0.5817469358444214,"loss":0.7681320309638977,"_timestamp":1.7327159589556565e+09,"test_accuracy_tolerant":0.5508007351010764,"test_precision_tolerant":0.5677389918113249,"test_f1":0.5492224115151099,"_wandb":{"runtime":2448},"auc":0.9272148013114929,"epoch":499,"recall":0.8509540557861328,"val_precision":0.5817469358444214,"test_recall":0.5661077227115525,"test_accuracy":0.549225518508795,"precision":0.8509540557861328,"_step":500,"accuracy":0.8509540557861328,"val_loss":1.1433241367340088,"val_recall":0.5817469358444214,"_runtime":2448.702964561,"test_f1_tolerant":0.5507987535786985}