{"val_auc":0.5555435419082642,"_runtime":1173.389612175,"_timestamp":1.7327101736910324e+09,"val_recall":0.5315904021263123,"_wandb":{"runtime":1173},"auc":0.6076117753982544,"loss":132.3905487060547,"accuracy":0.5781823992729187,"test_accuracy_tolerant":0.6129776865863041,"val_accuracy":0.5315904021263123,"test_recall":0.5715607815324936,"val_precision":0.5315904021263123,"test_f1":0.5535491121787229,"test_precision_tolerant":0.6071057631511649,"_step":500,"precision":0.5781823992729187,"val_loss":132.60137939453125,"recall":0.5781823992729187,"test_accuracy":0.6114388304693511,"test_precision":0.605037361250764,"test_f1_tolerant":0.5558815552502805,"test_recall_tolerant":0.5733571887181224,"epoch":499}