{"test_accuracy_tolerant":0.42985380866888945,"epoch":499,"_wandb":{"runtime":1263},"loss":0.7241222262382507,"val_loss":0.8235587477684021,"_timestamp":1.732695750602532e+09,"val_precision":0.5029048919677734,"precision":0.5011886954307556,"auc":0.5025460720062256,"test_recall_tolerant":0.5013458950201884,"_runtime":1263.531766879,"test_accuracy":0.4283149525519364,"test_f1":0.299874304183875,"test_f1_tolerant":0.3028822987934423,"val_recall":0.5029048919677734,"_step":500,"accuracy":0.5011886954307556,"val_auc":0.5029048919677734,"recall":0.5011886954307556,"test_precision":0.2141574762759682,"test_recall":0.5,"val_accuracy":0.5029048919677734,"test_precision_tolerant":0.7144875417415875}