{"test_f1":0.3637402088772846,"val_auc":0.49709513783454895,"val_recall":0.49709513783454895,"_wandb":{"runtime":5971},"_step":500,"test_accuracy_tolerant":0.5732239035650166,"_runtime":5971.174117226,"loss":0.6940345764160156,"epoch":499,"val_loss":0.6952789425849915,"test_f1_tolerant":0.36767665269200095,"test_recall":0.5,"test_accuracy":0.5716850474480636,"val_precision":0.49709513783454895,"test_recall_tolerant":0.5017964071856288,"_timestamp":1.7326923602541778e+09,"auc":0.5177478790283203,"test_precision":0.2858425237240318,"recall":0.5162091851234436,"accuracy":0.5162091851234436,"val_accuracy":0.49709513783454895,"precision":0.5162091851234436,"test_precision_tolerant":0.7862830721808374}