{"_runtime":11572.319003693,"test_recall":0.5,"_step":500,"_wandb":{"runtime":11572},"auc":0.5,"val_accuracy":0.4889884293079376,"test_precision_tolerant":0.7077307388903498,"val_recall":0,"val_loss":NaN,"val_precision":0,"accuracy":0.4641668498516083,"test_precision":0.20740351798372275,"precision":0,"test_f1":0.2931898311375023,"test_f1_tolerant":0.29620119017488566,"loss":NaN,"epoch":499,"test_accuracy_tolerant":0.41638225255972694,"val_auc":0.5,"_timestamp":1.7326985735615838e+09,"recall":0,"test_recall_tolerant":0.5013458950201884,"test_accuracy":0.4148070359674455}