{"_runtime":11120.353337088,"test_precision":0.29259648201627725,"loss":0.6953006982803345,"recall":0.5359995365142822,"val_loss":0.6975935697555542,"epoch":499,"test_f1_tolerant":0.37331227986259075,"precision":0.5359995365142822,"test_accuracy":0.5851929640325545,"val_precision":0.5110116004943848,"_wandb":{"runtime":11120},"test_f1":0.36916197416363034,"val_accuracy":0.5110116004943848,"test_recall_tolerant":0.5018987341772152,"accuracy":0.5359995365142822,"_step":500,"test_recall":0.5,"auc":0.5387703776359558,"test_precision_tolerant":0.7930581120168287,"test_accuracy_tolerant":0.5867681806248359,"_timestamp":1.7327043081759293e+09,"val_auc":0.5110116004943848,"val_recall":0.5110116004943848}