{"test_f1_tolerant":0.46883942061533856,"recall":0.9744306206703186,"val_loss":1.3836416006088257,"test_accuracy":0.46732992739983864,"val_auc":0.734025776386261,"test_accuracy_tolerant":0.46894326431836514,"_wandb":{"runtime":7833},"test_recall":0.489545075439373,"val_precision":0.7070285081863403,"val_accuracy":0.7027649879455566,"loss":0.19532188773155212,"accuracy":0.9679165482521057,"auc":0.9899505972862244,"test_precision":0.48940851418441017,"precision":0.9675197601318359,"epoch":499,"_timestamp":1.7327401895778148e+09,"_runtime":7833.121416987,"_step":500,"test_precision_tolerant":0.4910020432440936,"test_recall_tolerant":0.4911134797257626,"val_recall":0.7421475648880005,"test_f1":0.4672176001741388}