{"test_f1":0.299874304183875,"test_accuracy_tolerant":0.42985380866888945,"test_f1_tolerant":0.3028822987934423,"epoch":499,"test_recall":0.5,"_timestamp":1.7326947143260212e+09,"precision":0.526799201965332,"recall":0.526799201965332,"val_auc":0.5,"val_accuracy":0.5029048919677734,"test_precision_tolerant":0.7144875417415875,"val_recall":0,"val_precision":0,"_runtime":8274.046358373,"test_precision":0.2141574762759682,"accuracy":0.526799201965332,"test_recall_tolerant":0.5013458950201884,"val_loss":NaN,"test_accuracy":0.4283149525519364,"auc":0.5327465534210205,"_wandb":{"runtime":8274},"loss":2.9459502696990967,"_step":500}