{"val_recall":0.3874364495277405,"recall":0.4481305480003357,"test_precision":0.2672030274497788,"epoch":499,"test_precision_tolerant":0.29687789770409106,"val_accuracy":0.44517067074775696,"val_loss":2.1414217948913574,"test_f1_tolerant":0.25936303082832496,"test_accuracy":0.4372916132341626,"precision":0.7659063339233398,"_wandb":{"runtime":10121},"val_precision":0.4947832226753235,"_runtime":10121.306413077,"test_recall":0.33034484215255744,"_timestamp":1.7327406433448255e+09,"test_recall_tolerant":0.3329785479148079,"loss":1.404604196548462,"accuracy":0.6106548309326172,"test_accuracy_tolerant":0.43908694537060783,"auc":0.9004586935043335,"_step":500,"test_f1":0.2542367127495557,"val_auc":0.7967112064361572}