{"loss":NaN,"auc":0.5,"test_f1":0.2931898311375023,"test_precision":0.20740351798372275,"val_loss":NaN,"precision":0,"test_recall":0.5,"val_recall":0,"test_f1_tolerant":0.29620119017488566,"val_accuracy":0.4889884293079376,"recall":0,"_timestamp":1.7326986522244463e+09,"epoch":499,"val_precision":0,"test_accuracy":0.4148070359674455,"val_auc":0.5,"_runtime":8885.265610121,"_wandb":{"runtime":8885},"_step":500,"test_precision_tolerant":0.7077307388903498,"accuracy":0.4641668498516083,"test_recall_tolerant":0.5013458950201884,"test_accuracy_tolerant":0.41638225255972694}