{"test_recall_tolerant":0.5020134228187919,"val_loss":0.7037224769592285,"_step":500,"auc":0.5000172853469849,"test_recall":0.5,"val_recall":1,"test_f1":0.37474781439139204,"test_precision":0.2996773326162947,"_timestamp":1.7327153780072982e+09,"_runtime":14077.848072572,"val_precision":0.5257296562194824,"val_auc":0.5,"recall":1,"test_accuracy_tolerant":0.6009680021511159,"epoch":499,"loss":0.6977518796920776,"accuracy":0.5504900813102722,"test_f1_tolerant":0.3791369153150689,"test_accuracy":0.5993546652325894,"test_precision_tolerant":0.8001615943980609,"val_accuracy":0.5257296562194824,"_wandb":{"runtime":14077},"precision":0.5504900813102722}