{"_wandb":{"runtime":6138},"test_recall":0.5,"loss":0.39878273010253906,"_runtime":6138.228577374,"test_precision_tolerant":0.7144875417415875,"test_f1_tolerant":0.3028822987934423,"val_accuracy":0.5029048919677734,"recall":0.8984472155570984,"test_accuracy_tolerant":0.42985380866888945,"epoch":499,"val_recall":0,"test_accuracy":0.4283149525519364,"test_recall_tolerant":0.5013458950201884,"val_auc":0.5,"val_loss":NaN,"_step":500,"auc":0.9307664036750793,"val_precision":0,"test_f1":0.299874304183875,"accuracy":0.8564944863319397,"test_precision":0.2141574762759682,"_timestamp":1.7327215229732146e+09,"precision":0.8382267951965332}