{"test_accuracy":0.41651705565529623,"test_recall_tolerant":0.20755283364735677,"test_precision_tolerant":0.21495332435946524,"loss":0.6376980543136597,"test_precision":0.20994930034819417,"val_recall":0.42411038279533386,"accuracy":0.9938405156135559,"val_loss":3.30582857131958,"val_auc":0.7527650594711304,"_runtime":5677.111148164,"auc":0.9999460577964783,"val_accuracy":0.4431735575199127,"_step":500,"test_f1_tolerant":0.18607067854891565,"_wandb":{"runtime":5677},"_timestamp":1.7327369279612906e+09,"val_precision":0.45553821325302124,"test_recall":0.20548074481993403,"test_f1":0.18343249664207303,"precision":0.9946414232254028,"test_accuracy_tolerant":0.41882533983072584,"recall":0.9928679466247559,"epoch":499}