{"test_accuracy":0.5160297512182611,"test_recall":0.5625999683002769,"epoch":499,"val_accuracy":0.592047929763794,"auc":0.9515818357467651,"test_f1":0.48534792884979516,"recall":0.8921547532081604,"loss":0.3256697356700897,"_timestamp":1.732732028758205e+09,"_runtime":1134.310634685,"val_recall":0.592047929763794,"val_precision":0.592047929763794,"_step":500,"test_recall_tolerant":0.5640209486813721,"test_accuracy_tolerant":0.5175686073352141,"precision":0.8921547532081604,"val_auc":0.6232706904411316,"test_precision":0.6020263945308977,"test_precision_tolerant":0.6038949007626666,"accuracy":0.8921547532081604,"_wandb":{"runtime":1134},"val_loss":1.6805087327957153,"test_f1_tolerant":0.4872569274492804}