{"test_accuracy":0.5830926752428459,"test_recall":0.6232392626539687,"val_loss":3.2315666675567627,"recall":0.9897515773773193,"val_accuracy":0.6452034115791321,"test_f1_tolerant":0.5777079000039245,"epoch":499,"test_recall_tolerant":0.6246772975336616,"val_precision":0.6720098853111267,"_runtime":887.217321986,"test_f1":0.5759895669475694,"_timestamp":1.7327113912262099e+09,"val_recall":0.5971512198448181,"test_precision_tolerant":0.648074519666898,"_wandb":{"runtime":887},"val_auc":0.6502036452293396,"accuracy":0.9885178804397583,"_step":500,"test_precision":0.6466893491784208,"test_accuracy_tolerant":0.5846678918351274,"precision":0.9888302683830261,"auc":0.9991766810417175,"loss":0.19611860811710358}