{"val_loss":0.9087492823600769,"_step":500,"test_f1":0.5508479722317342,"test_precision_tolerant":0.5660680495555,"_runtime":465.146748778,"_wandb":{"runtime":465},"test_recall":0.5641990581421277,"val_auc":0.6475611329078674,"val_recall":0.5927684307098389,"loss":0.3925033211708069,"accuracy":0.8889669179916382,"test_precision":0.5646826449412656,"recall":0.9128364324569702,"_timestamp":1.7327308887459188e+09,"val_precision":0.5982307195663452,"test_accuracy_tolerant":0.5524493459861503,"auc":0.954799234867096,"test_f1_tolerant":0.5523974080482028,"val_accuracy":0.5996732115745544,"epoch":499,"precision":0.8790748715400696,"test_recall_tolerant":0.5656200385232227,"test_accuracy":0.5509104898691972}