{"_step":500,"val_auc":0.48429054021835327,"auc":0.5011910796165466,"test_accuracy":0.5709156193895871,"recall":0.9373705983161926,"test_accuracy_tolerant":0.5724544755065402,"_wandb":{"runtime":10889},"loss":1.3441863059997559,"val_recall":0.9974433779716492,"test_recall":0.49955230857262595,"val_accuracy":0.5023602247238159,"val_loss":1.0728651285171509,"val_precision":0.4997255206108093,"_timestamp":1.7327105007455108e+09,"accuracy":0.5197212100028992,"test_precision_tolerant":0.5861740473738414,"precision":0.5222331285476685,"test_f1_tolerant":0.36899248136359686,"test_recall_tolerant":0.5013487157582547,"_runtime":10889.95711301,"test_precision":0.45239931448157666,"epoch":499,"test_f1":0.3650814338334955}