{"val_precision":0.5257296562194824,"val_loss":4.889444351196289,"auc":0.7363820672035217,"epoch":499,"accuracy":0.6876567006111145,"val_accuracy":0.5257296562194824,"test_accuracy":0.5993546652325894,"precision":0.6876567006111145,"test_precision":0.2996773326162947,"test_precision_tolerant":0.8001615943980609,"test_f1":0.37474781439139204,"val_recall":0.5257296562194824,"test_f1_tolerant":0.3791369153150689,"test_recall":0.5,"val_auc":0.6229872703552246,"loss":4.824331760406494,"test_accuracy_tolerant":0.6009680021511159,"_runtime":40360.447525316,"recall":0.6876567006111145,"_timestamp":1.7327390158976583e+09,"_step":500,"_wandb":{"runtime":40360},"test_recall_tolerant":0.5020134228187919}