{"val_accuracy":0.4742703437805176,"test_recall":0.5,"_runtime":40523.016258023,"val_recall":0,"_step":500,"test_accuracy_tolerant":0.4022586716859371,"accuracy":0.4495099186897278,"precision":0,"val_loss":NaN,"val_precision":0,"auc":0.5,"_wandb":{"runtime":40523},"val_auc":0.5,"test_precision":0.2003226673837053,"loss":NaN,"test_f1":0.2860433864465348,"epoch":499,"recall":0,"test_f1_tolerant":0.2890578099625023,"test_recall_tolerant":0.5013458950201884,"test_precision_tolerant":0.7006463775922435,"_timestamp":1.732736281411682e+09,"test_accuracy":0.4006453347674106}