{"recall":0.6997948288917542,"test_precision":0.5944717530873642,"precision":0.6997948288917542,"epoch":499,"test_recall_tolerant":0.5461822648974319,"test_recall":0.5446156671815392,"test_precision_tolerant":0.5972780340045969,"val_precision":0.5639401078224182,"val_recall":0.5639401078224182,"auc":0.7409775853157043,"test_accuracy":0.6162947028771175,"_runtime":1273.083896341,"val_accuracy":0.5639401078224182,"_timestamp":1.732712669887206e+09,"loss":1.5449409484863281,"val_auc":0.5807849764823914,"val_loss":1.6750469207763672,"test_accuracy_tolerant":0.6176391503092229,"accuracy":0.6997948288917542,"_step":500,"test_f1_tolerant":0.5103262258469539,"test_f1":0.5081282830178624,"_wandb":{"runtime":1273}}