{"_step":500,"precision":0.9915639758110046,"_timestamp":1.732739564190612e+09,"_runtime":2629.41356823,"test_precision":0.24064650158024384,"test_recall_tolerant":0.24207708237553344,"test_accuracy":0.3764767655552638,"test_precision_tolerant":0.24388622555379555,"val_auc":0.7342495322227478,"accuracy":0.991291344165802,"recall":0.9910140037536621,"val_loss":3.660787582397461,"test_f1":0.22628668160021395,"auc":0.9996270537376404,"test_recall":0.23999151175347175,"loss":0.1230037733912468,"test_accuracy_tolerant":0.378839590443686,"_wandb":{"runtime":2629},"epoch":499,"val_recall":0.45091453194618225,"test_f1_tolerant":0.22873702324800113,"val_accuracy":0.45539379119873047,"val_precision":0.4561072289943695}