{"_wandb":{"runtime":602},"_runtime":602.628593618,"test_precision":0.6588769546675091,"test_recall_tolerant":0.6229418686180801,"_timestamp":1.7326869936598704e+09,"_step":500,"val_auc":0.6897615194320679,"recall":0.8136481642723083,"epoch":499,"auc":0.8879610896110535,"test_recall":0.6215959735978916,"test_f1":0.5695089308615393,"loss":0.4691588580608368,"val_precision":0.6223674416542053,"precision":0.8136481642723083,"test_precision_tolerant":0.6599801791220086,"val_accuracy":0.6223674416542053,"val_recall":0.6223674416542053,"test_f1_tolerant":0.5713406420341678,"test_accuracy":0.5832264683252116,"test_accuracy_tolerant":0.5847653244421647,"val_loss":0.9181493520736694,"accuracy":0.8136481642723083}