{"recall":0.8923395276069641,"val_loss":NaN,"epoch":499,"test_accuracy_tolerant":0.42985380866888945,"_wandb":{"runtime":14577},"accuracy":0.8286146521568298,"test_recall_tolerant":0.5013458950201884,"test_accuracy":0.4283149525519364,"val_recall":0,"val_auc":0.5,"precision":0.8017113208770752,"test_f1_tolerant":0.3028822987934423,"test_precision_tolerant":0.7144875417415875,"test_precision":0.2141574762759682,"_timestamp":1.7327304181198907e+09,"test_recall":0.5,"_step":500,"test_f1":0.299874304183875,"loss":17.327096939086914,"val_accuracy":0.5029048919677734,"_runtime":14577.839776555,"auc":0.9005392789840698,"val_precision":0}