{"test_accuracy":0.5439856373429084,"test_accuracy_tolerant":0.5455244934598615,"test_precision_tolerant":0.5824691730800363,"val_precision":0.6241165995597839,"test_f1":0.5383445077528363,"test_f1_tolerant":0.5399550943657545,"val_accuracy":0.604938268661499,"_wandb":{"runtime":1599},"test_recall_tolerant":0.5730788758955844,"_runtime":1599.426080748,"auc":0.9640912413597107,"val_recall":0.5160701274871826,"loss":0.8593119978904724,"test_recall":0.5715828101535825,"precision":0.89299076795578,"val_loss":1.5038931369781494,"test_precision":0.5808504311626523,"val_auc":0.6674721837043762,"_timestamp":1.7327117801068106e+09,"accuracy":0.8979360461235046,"epoch":499,"_step":500,"recall":0.913975179195404}