{"val_accuracy":0.7407614588737488,"_runtime":4293.04320503,"val_auc":0.8232763409614563,"epoch":499,"_step":500,"test_precision":0.6404822608733065,"val_recall":0.821037232875824,"test_accuracy":0.6387503281701233,"_wandb":{"runtime":4293},"val_precision":0.7143310904502869,"_timestamp":1.7326996036136494e+09,"precision":0.7276766896247864,"test_f1_tolerant":0.6382719058329784,"loss":4.084861755371094,"auc":0.8045008778572083,"test_precision_tolerant":0.6420580884206532,"test_recall":0.6446264999346929,"test_recall_tolerant":0.6462488145333947,"recall":0.881573498249054,"test_accuracy_tolerant":0.6403255447624049,"test_f1":0.6366876952015901,"accuracy":0.7597625851631165,"val_loss":3.1140012741088867}