{"_runtime":8027.797191437,"_wandb":{"runtime":8027},"auc":0.5158865451812744,"val_accuracy":0.49709513783454895,"test_recall_tolerant":0.5017964071856288,"_timestamp":1.7326944816575055e+09,"test_precision":0.2858425237240318,"_step":500,"loss":0.6947637796401978,"test_accuracy_tolerant":0.5732239035650166,"test_accuracy":0.5716850474480636,"test_f1_tolerant":0.36767665269200095,"test_precision_tolerant":0.7862830721808374,"recall":0.5110222697257996,"test_f1":0.3637402088772846,"epoch":499,"val_loss":0.6954551339149475,"accuracy":0.5110222697257996,"precision":0.5110222697257996,"val_precision":0.49709513783454895,"val_auc":0.49709513783454895,"val_recall":0.49709513783454895,"test_recall":0.5}