{"epoch":499,"val_precision":0.5257296562194824,"val_accuracy":0.5257296562194824,"precision":0.5306017994880676,"test_precision":0.2996773326162947,"val_auc":0.5301008224487305,"_wandb":{"runtime":42332},"val_loss":1.2543386220932007,"val_recall":0.5257296562194824,"auc":0.5380083918571472,"_timestamp":1.7327287490833793e+09,"test_accuracy_tolerant":0.6009680021511159,"test_f1":0.37474781439139204,"test_recall_tolerant":0.5020134228187919,"test_recall":0.5,"test_accuracy":0.5993546652325894,"_runtime":42332.420314689,"test_precision_tolerant":0.8001615943980609,"_step":500,"accuracy":0.5306017994880676,"recall":0.5306017994880676,"test_f1_tolerant":0.3791369153150689,"loss":1.2574234008789062}