{"accuracy":0.5555976033210754,"test_precision_tolerant":0.7144875417415875,"test_recall":0.5,"test_recall_tolerant":0.5013458950201884,"epoch":499,"_step":500,"precision":0.5555976033210754,"loss":3.0871105194091797,"val_precision":0,"_runtime":5929.208539945,"recall":0.5555976033210754,"test_accuracy_tolerant":0.42985380866888945,"_timestamp":1.7327396562707474e+09,"test_precision":0.2141574762759682,"_wandb":{"runtime":5929},"val_recall":0,"val_loss":NaN,"val_accuracy":0.5029048919677734,"test_f1":0.299874304183875,"val_auc":0.5,"test_f1_tolerant":0.3028822987934423,"test_accuracy":0.4283149525519364,"auc":0.5834673643112183}